timestamp;text;scene_id;danmu_id
0.0;说实话，好久没笑了……;1;1
0.0;拜拜啦;1;2
0.0;拜拜;1;3
0.15;好像在up主页中看到这是假的，但是我不敢看;1;4
0.209;加油！！！！;1;5
0.316;你的内心很纯净;1;6
0.429;到底谁是盲人;1;7
0.59;我很好奇视频是怎么发上去的;1;8
0.598;神之一手;1;9
0.622;开幕雷击;1;10
0.769;一开始我还以为是恶搞，我真出生啊！;1;11
0.889;请问您是怎么拍视频的？;1;12
0.913;看好了小子，硬币之力是这么用的;1;13
0.98;还挺准;1;14
1.117;7.如果在路上遇到视障者想给予帮助，可以对ta说一句“打扰一下，你需要帮忙吗？”;1;15
1.209;加油！！！;1;16
1.241;挑剑割桃;1;17
1.251;盲人怎么发视频;1;18
1.419;路人：？;1;19
1.44;小子，看好了，硬币之力是这么用的;1;20
1.799;你要不是盲人，我绝对以为你是故意的;1;21
1.832;加油;1;22
2.448;说实话，你是怎么剪辑的？;1;23
2.585;话说盲人是怎样录视频的？;1;24
2.792;啊啊啊哈哈哈哈哈哈哈;1;25
2.838;看好了小子，硬币之力是这么用的;1;26
2.889;加油;1;27
2.988;对方撤回一个阿米洛斯。;1;28
3.179;加油;1;29
3.242;哈哈哈哈哈对不起但他想躲没躲成真的有点搞笑;1;30
3.903;这就是人家一个导盲犬。都容不下一只导盲犬;1;31
4.219;哈哈哈哈哈，还以为故意的;1;32
4.461;这小哥也是很善良的;1;33
4.684;拜拜;1;34
6.641;加油;1;35
7.458;我去，我们二食堂;1;36
7.611;开幕雷击;1;37
7.979;怎么每次开头都是把人绊倒？;1;38
8.239;加油加油加油！;1;39
8.422;可以理解为超高度近视差不多的视野;1;40
8.52;《1565.2播放》但是他值得;1;41
8.539;盲人怎么剪视频的？;1;42
8.939;不是，他怎么知道的差点把他绊倒;1;43
8.999;加油;1;44
9.031;加油;1;45
9.106;这种情况包说没事的啊;1;46
9.11;加油;1;47
9.399;加油;1;48
9.447;对不起真的笑了我不是故意的;1;49
9.756;我很好奇视频是怎么发上去的;2;50
9.929;盲杖大多数就是这样弯的吧;2;51
10.386;加油;2;52
10.92;硬币啊，重现你的荣光吧！;2;53
11.142;导盲犬很贵的，而且全国的数量加起来也很少很少;2;54
11.356;因为这是盲人大学，作者之前有说过(回上面问走廊有盲道的);2;55
11.459;加油;2;56
11.47;加油;2;57
11.872;加油;2;58
12.139;加油;2;59
12.259;加油;2;60
12.419;加油;2;61
12.465;加油;2;62
12.477;加油;2;63
12.539;加油;2;64
12.669;加油;2;65
12.669;加油;2;66
12.701;加油;2;67
12.881;加油;2;68
12.99;up全盲的;2;69
13.099;加油;2;70
13.13;希望越来越好;2;71
13.219;加油;2;72
13.223;南无阿弥佗佛;2;73
13.338;加油，奥利给！;2;74
13.338;加油;2;75
13.339;加油;2;76
13.441;加油啊，陌生人！！！;2;77
13.607;加油;2;78
14.043;加油！;2;79
14.119;《盲人》;2;80
14.619;加油;2;81
14.899;加油！;2;82
14.907;加油;2;83
15.002;加油;2;84
15.059;加油！;2;85
15.302;祝好;2;86
15.429;脑机接口神经信号接收都还没整明白呢，机器对人体信号输入不知道还差多远;2;87
15.499;加油;2;88
15.499;小子，硬币是这样用的;2;89
15.879;加油;2;90
15.889;加油;2;91
15.935;加油;2;92
16.059;加油;2;93
16.078;加油;2;94
16.099;加油;2;95
16.143;加油;2;96
16.21;加油UP;2;97
16.238;原来刷到一样的视频;2;98
16.247;这不是拐杖星人吗 ;2;99
16.299;加油;2;100
16.358;她是怎么拍视频的？？？？？;2;101
16.499;校友？;2;102
16.639;你上电视J;2;103
16.739;该死我没币了;2;104
16.866;加油;2;105
16.879;加油;2;106
16.879;国服盲女;2;107
17.139;加油;2;108
17.215;加油！;2;109
17.233;加油;2;110
17.319;加油;2;111
17.42;加油;2;112
17.427;加油;2;113
17.539;加油;2;114
17.581;导盲犬太少，申请得排长队;2;115
17.681;加油;2;116
17.929;加油！;2;117
18.219;加油！;2;118
18.239;加油;2;119
18.419;加油;2;120
18.43;加油;2;121
18.534;加油;2;122
18.871;加油;2;123
18.875;他用的是手机，所以我们才能看见刚才那个评论你是神金啊！;2;124
19.003;加油！;2;125
19.003;加油;2;126
19.005;加油;2;127
19.059;加油;2;128
19.114;加油;2;129
19.261;加油;2;130
19.309;加油;2;131
19.463;加油;2;132
19.658;我很好奇视频是怎么发上去的;2;133
19.815;他怎么拍视频的;2;134
20.02;加油！;2;135
20.051;加油！;2;136
20.09;加油;2;137
20.3;加油;2;138
20.339;加油;2;139
20.379;你在中国遇到导盲犬的几率比你买彩票中奖的几率还小;2;140
20.583;开头绊倒人可能是因为这是盲人的日常吧;2;141
20.631;没事儿 马上就有机械导盲犬了。;2;142
20.757;加油;2;143
20.925;加油;2;144
21.001;没有这么少二三百还是有的加不专业民训千只还是有的;2;145
21.074;加油;2;146
21.113;加油;2;147
21.18;加油;2;148
21.464;加油;2;149
21.552;原来走盲道要敲,第一次知道;2;150
21.759;加油;2;151
21.957;加油;2;152
22.061;导盲犬很少很贵，不够有钱怎么买;2;153
22.067;加油;2;154
22.075;新号，接流量，祝大家工作顺利，生活愉快。;2;155
22.249;加油;2;156
22.261;加油！;2;157
22.354;我有个问题，盲人怎么剪的视频;2;158
22.424;加油！！！！！;2;159
22.721;100万点赞！;2;160
22.859;加油+;2;161
22.911;看不好，他咋看啊;2;162
23.059;专业导盲犬，整个中国都不多;2;163
23.139;导盲犬是骗局！！这么多年了，根本没那么多狗;2;164
23.569;↑盲人的手机有播报的，也可以让别人来弄;2;165
23.599;加油;2;166
23.699;这个人好能装。;2;167
23.859;加油;2;168
24.272;加油;2;169
24.57;我国就500只导盲犬;2;170
24.859;请问你是头顶长了个摄像机吗;2;171
24.871;你不会以为导盲犬能人手一条吧;2;172
25.059;加油;2;173
25.28;导盲犬不要钱，是看名额分配的。;2;174
25.739;加油;2;175
25.919;作者应该不是全盲;2;176
26.039;还在看的人都出来报个一;2;177
26.059;加油;2;178
26.291;加油;2;179
26.319;加油！;2;180
26.459;不懂就问，盲人怎么录视频剪辑，室友帮忙剪吗;2;181
26.699;导盲犬的话，我记得申请时间很长，而且，很难，因为他摸错过呀，失败的次数多了自然会记住了;2;182
27.154;导盲犬是免费的吧？;2;183
27.241;机器狗AI导盲犬能不能行？;2;184
27.471;加油加油;2;185
27.659;固定摄像机，剪辑肯定是别人帮忙啊，又不是所有人都自己剪视频;2;186
28.013;很遗憾，up是全盲，走得多了记住的;2;187
28.719;这是头上套了个摄像机所以说是盲人啊当然不排除高度近视;2;188
29.123;这只是摄像机的视角，人的;2;189
29.456;《大家可以看到》，他还在引导我，我哭死;2;190
29.637;尽自己所能;2;191
29.705;他只是眼睛下而不是耳朵聋。;2;192
29.931;别人帮忙捡的;2;193
29.939;他不是瞎子，属于那种特别特别高度近视;2;194
30.059;有盲文。;2;195
30.178;加油x9999999999999999999999999999999999999;2;196
30.44;冷知识:视力达到0.5~0.03就算高度近视只要达到0.03以下就可以算得上是全盲;2;197
31.088;一路平安;2;198
31.099;盲人比聋子难受，人看不到东西只能凭大脑想象;2;199
31.377;绊到棍子手是有感觉的;2;200
31.459;找人帮忙剪辑啊;2;201
31.719;走廊有盲道唉！;2;202
31.739;有人帮他剪辑的。;2;203
32.109;哎 大家可以看到;2;204
32.419;请导盲犬是免费的，但导盲犬不够;2;205
32.659;楼里过道有盲道;2;206
32.819;别猜了，人家自己剪辑的，里面有视频，多翻翻就知道了。;2;207
34.128;声音好好听;2;208
35.003;手机有盲人模式！！！！！！;2;209
35.099;应该是别人帮他剪视频;2;210
36.668;不是吧，有1000多个人;2;211
37.051;没有;2;212
37.299;加油;2;213
37.441;我们小区电梯有盲文！;2;214
37.675;加油;2;215
37.828;加油;2;216
37.859;我国就五只导盲犬，一只好几百万;2;217
39.355;加油;2;218
39.528;加油;2;219
39.739;你按哪个都一样的;2;220
39.899;其实按哪个都一样;2;221
40.079;盲人是全盲 瞎子可能还有一点视力;2;222
40.555;主播自己剪的吗，那这只练肌肉记忆了，但是也很正常，毕竟走这么熟;2;223
40.637;谁剪的视频呀;2;224
40.694;遥遥领先;2;225
41.052;全盲和半盲都是盲人哦;2;226
41.195;电梯应该有声音回应的;2;227
41.253;配一只导盲犬吧;2;228
41.692;熟练到心疼;2;229
42.019;脑内3D建模;2;230
42.179;装个摄像头不就行了吗？;2;231
42.539;加油;2;232
42.676;加油加油加油！;2;233
42.811;盲人怎么剪视频？;2;234
42.812;加油;2;235
44.599;我们小区的那个电梯会报上下行与楼层;2;236
45.174;用棍子只能很有限地探测障碍物，且不能预测危险，导盲犬可以判断情况，不懂别瞎说;2;237
45.355;前情提要：up是全盲 19年因病 视频也是自己剪的 利用工具辅助哦;2;238
45.715;加油！;2;239
46.139;有的电梯触摸就会按到，像触屏一样，那咋办？;2;240
46.4;电梯不在这一次是不会自动开门的除非维修没有采取措施，但都很严谨;2;241
46.579;盲人只能看到一丁点东西，很模糊;2;242
47.249;视力低于百分之0.5就属于盲人;2;243
47.759;下次进电梯要探一下地板，有些电梯出故障就危险了;2;244
47.879;啊啊啊啊这样好危险;2;245
48.019;《欢迎光临》;2;246
48.036;加油！！！;2;247
48.355;不是 这电梯可以加个喇叭拨报一下几楼吗;2;248
48.481;上面说反了，瞎子是什么都看不见，盲人可能还能看见一点;2;249
49.02;你怎么知道电梯门开了？;2;250
49.281;為啥不看我的留言;2;251
49.474;啊？;2;252
50.048;。。。你不知道手机能语音吗;2;253
50.387;隔壁学校的;2;254
50.739;这要是开门没来电梯的话;2;255
50.966;要先用棍子看看轿厢有没有到位的！;2;256
52.322;哦豁没按到;2;257
52.57;盲纹一般是由凸起的小点;2;258
53.14;熟练的让人心疼;2;259
53.17;加油;2;260
53.419;投两个币，为乐观向上的生活态度;2;261
54.331;没按到一楼;2;262
54.647;应该搞语音反馈;2;263
55.179;牛;2;264
55.677;up怎么知道我们发了些什么弹幕呢;2;265
56.271;没按到！;2;266
56.299;加油加油;2;267
56.351;电梯应该加上语音提示;2;268
56.539;好像盲人的眼前不是黑，而是虚无，像闭着一个眼睛的感觉;2;269
60.371;门开了没电梯有你吗的炉子吗？;2;270
60.479;没有失重感 哈哈哈哈;2;271
60.696;没按到;2;272
61.218;没有关系，一切会变好的;2;273
61.944;有些电梯超过半分钟是会播报一声请按要去的楼层按钮，以及楼层数的;2;274
62.139;天没硬币了;2;275
62.179;加油;2;276
63.235;盲人的感官是要比正常人强很多的;3;277
63.571;这样的生活我都不敢想;3;278
63.586;一楼;3;279
64.978;硬币是这么用的！;3;280
65.228;那如果有负一负二咋办;3;281
65.47;加油！！！;3;282
65.819;电梯键不是很灵，并不是碰一下就可以了，他摸的时候是根据数字的形状来摸的;3;283
66.059;我记得按钮旁边还是按钮上面就有盲文;3;284
66.655;真好，宿舍地面都有盲道;3;285
67.018;这学校好啊，居然在楼道安装了盲道;3;286
67.687;总感觉你看得见;3;287
68.065;tty;3;288
69.799;硬币之力应该这样用;3;289
70.499;我用过这手机里面的模式，确实挺方便的。两根手指下滑解锁屏幕，长按app就可以进入了;3;290
71.18;他怎么剪的视频？;3;291
71.437;那个扶手怎么像医院的？;3;292
71.866;全盲连黑色都看不到;3;293
73.199;注：这是特殊学校，其他同学可以帮忙剪辑和发布，不是所有人都是盲人，所以这个视频才能发出来;3;294
73.831;好可怜;3;295
74.999;解释一下：原本地上的盲人通行道就是为了方便辨认路的，但因为大部分人的不在意导致一般都会用导盲杆辅导;3;296
75.326;妈呀宿舍楼都有盲道;3;297
75.679;睁着眼睛捂住一只眼，被捂住的那只眼睛差不多就是盲人的视角（不能捂住之后把没捂住的眼睛闭上）;3;298
76.216;感觉电梯可以来个播报：一楼到了;3;299
76.219;这所学校本来就是特殊学校，我记得up说过;3;300
76.437;加油;3;301
76.49;电梯确实应该有个提示音，几楼到了，这玩意又不贵;3;302
76.755;盲人看到的世界是一片虚无，就相当于你闭上一只眼然后闭上那只眼看到的东西一样;3;303
76.819;估计是特殊学校;3;304
77.439;盲人眼里连黑白都没有;3;305
78.105;特教学校;3;306
78.11;加油加油加油;3;307
78.299;盲人的话，其他感官应该会更敏锐;3;308
78.332;电梯没有语音 ，电梯下行 的播报;3;309
78.637;有盲道耶这个学校;3;310
79.579;盲人的诗名是你闭着眼睛，用手把眼睛捂住;3;311
79.621;推广个锤子 声音大得很;3;312
79.979;优化;3;313
80.637;我很好奇，他是盲人，他是怎么可以读书的;3;314
80.999;加油;4;315
81.636;加油;4;316
82.763;大概就是把一只眼闭上 另一只眼往闭上的眼看那种黑;4;317
83.359;这是特殊学校么，有盲道有扶手;4;318
83.899;盲人的世界有光感吗？;4;319
84.149;门：没关系，随便敲;4;320
84.186;用心感受;4;321
84.324;昨天没点的三连，今天补上了;4;322
84.739;听说盲人的是虚无，不是黑暗，就是你睁一只眼闭一只眼，用闭着的那只眼睛看东西的感觉;4;323
84.756;长春是一个非常具有人文关怀的一个城市;4;324
85.651;声音挺好听的。;4;325
87.02;up好温柔;4;326
87.341;才发现地上这是盲道;4;327
87.375;门：没事的;4;328
87.939;我终于知道我家电梯为什么按按钮的时候回说出楼层了;4;329
89.169;他甚至对门说了句不好意思;4;330
89.369;眼前白茫茫一片看不清的感觉好像是;4;331
90.492;门：我没意见;4;332
91.154;不是盲人的色觉感应系统没问题啊，而且黑色不是颜色;4;333
91.276;up真棒，这事搁我身上估计我就重开了;4;334
92.661;omg声音好好听;4;335
92.672;特殊教育学院;4;336
93.739;黑色也是颜色;4;337
95.013;声音好温柔呀;4;338
96.507;手抖的宝宝;4;339
97.179;这是特殊学校吗？全是盲道;4;340
99.104;走的好准;4;341
103.229;好可爱的up;4;342
103.381;地铁的无障碍电梯全被挤满了..真正需要的人根本进不去;4;343
105.276;不敢想象他有多帅;4;344
108.905;我们这边的盲人通道全是障碍物;5;345
109.271;so cure;5;346
110.117;导盲犬是免费提供的，但是需要去申请然后匹配，如果不合适就不行，导盲犬也很少，;5;347
110.739;看到门上写了特殊教育学院;5;348
110.971;硬币是这样用的！;5;349
111.307;啊 我的母校;5;350
113.004;你不敲怎麼知道自己走到哪…;5;351
113.499;不要挡盲道，不要挡盲道，不要挡盲道。;5;352
114.259;视弱也算盲人吧，只能朦朦胧胧看到亮光;5;353
114.955;你以為他是在亂敲？他是在確定自己的位置;5;354
114.999;我晚上在自己房间走路那一亩三分地都会磕着碰着。。盲人的生活真的太难了;5;355
116.071;导盲犬其实挺少的，不是每个盲人都有;5;356
116.319;长春大学;5;357
116.712;加油会好起来的，三连给你了;5;358
119.853;加油x9999999999999999999999999999999999999999999999999999999999999999999999999999999999999999999999999;5;359
121.02;摸着护栏走;5;360
121.991;熟练得让人心疼;5;361
122.153;导盲犬要钱的大哥们;5;362
122.365;应该很熟悉了吧，所以没有啥难度;5;363
122.9;按照导盲犬和盲人的数量比，平均一个人分到一搓毛吧;5;364
123.139;有种东西叫语音输入，谢谢;5;365
123.97;听过一个最实际的描述盲人，就是你闭着眼睛想象去用胳膊肘看东西，你的神经都不知道胳膊肘这个地方可以看东西，盲所以就不是黑暗，因为黑暗也是一种视觉效果;5;366
124.784;叠词词！;5;367
125.16;你说是先天盲痛苦还是后天盲痛苦;5;368
125.899;什么你要吃东东，他怎么你了？;5;369
125.939;冷知识：全国只有大约两百只导盲犬，但有1000多万盲人。;5;370
126.525;前面有车怎么办 ;5;371
126.771;东东~;5;372
127.902;之前偶然刷到过一期，up是后天失明，世界是什么样子的他都知道;5;373
128.146;老话常说，知足常乐，身体健康就是福;5;374
128.468;这不是停车位嘛;5;375
128.598;盲人的大脑无时无刻不在高速运转;5;376
129.379;这个时候AI导盲 类似汽车的自动驾驶 规避系统就很有用了;5;377
130.327;长春大学吗？;5;378
130.38;加油;5;379
130.543;盲人脑子里面可以想出颜色的样子，可以想出世界的样子附带颜色;5;380
131.948;全国的盲人百万以上甚至千万，但导盲犬全国只有数百只，这么说你们理解导盲犬有多稀有了吧;5;381
132.819;来个人帮帮她吧  真的;5;382
133.137;纠正一下全国正规的导盲犬只有200多只;5;383
133.169;太棒啦;5;384
134.235;闭上眼睛听，我会不敢踏步诶，up真厉害真勇敢;5;385
134.304;这是车位吗？;5;386
134.339;主动声纳;5;387
134.401;才两百万你很有钱，是不是啊？;5;388
134.835;为啥有这么多停车位;5;389
136.059;他可能没有朋友……[泪目];5;390
136.145;我看网上一堆导盲犬啊;5;391
136.246;有可能这辈子都一个人，所以尽量一个人适应。;5;392
136.269;人工智能发展的意义之一;5;393
136.299;真辛苦，感觉一天下来手都敲麻了;5;394
137.539;其实盲人是要去适应导盲犬的 因为导盲犬他走路的速度可能和自己的速度有点不匹配;5;395
137.758;我一直在想，盲人眼中是不是一直在用黑白线模拟这个画面？;5;396
138.472;好可爱啊，语气又温柔，我全力支持;5;397
138.77;有导航，有机器人，为啥没有导盲机器人;5;398
138.941;其实真正的盲人眼睛并不是在黑暗中度过。因为他们的眼睛就跟不存在一样。感觉不到光的变化;5;399
139.439;怎么发视频的？;5;400
139.779;导盲犬培育太难了，但是现在已经有电子导盲犬了，不贵，十几万就能买;5;401
139.992;没错，是长大;5;402
140.998;看好了，投币键是这么用的;5;403
142.266;以前在郑州送外卖见过几次盲人，带个鸭舌帽和墨镜，需要杆子探路，后来就很少见了;5;404
143.985;一直有个问题，盲人会困吗？;5;405
146.503;他没有恐惧，他拥有好多的爱;5;406
148.605;前面的还好啦，主要是他是过天桥的。;5;407
148.739;万一有车停在这里怎么办;5;408
148.796;人闭着眼走路是会自然的走出一个圆的，所以说有导盲杖很重要;5;409
148.839;我视力5.3;5;410
148.946;真希望up能看到镜头里的一切;5;411
149.332;盲杖比导盲犬更好用;5;412
149.643;打到别人车怎么办，这不是停车位嘛;5;413
150.924;不知道马斯克的脑机能不能让人看见;5;414
152.124;会好起来的;5;415
153.151;这不停车吗？;5;416
154.53;养个边牧能当导盲犬用，边牧聪明;6;417
154.739;下次出门记得带上几个好同学一起，安全点;6;418
155.319;旁边倒人入库;6;419
156.226;停车位盲道不会弄在这里;6;420
156.532;盲人看到的相当于你用膝盖看到的视角，完全是虚无;6;421
157.299;没有任何一个人类能在看不到的情况下走直线的;6;422
160.529;好艰难啊;6;423
160.899;怪事，普通人闭眼都不知道自己偏了，他怎么知道;6;424
161.338;哥们干嘛呢？搁这思考人生呢？;6;425
161.691;每日一夸;6;426
162.127;以为人的腿不是完全一样长的;6;427
163.306;偏向力的那个别扯淡 是每个人两只腿长度本来就有细微的差;6;428
163.715;这有啥心酸的，正常过生活;6;429
164.059;\;6;430
164.406;闭上眼睛都会有光感的，全盲无光感;6;431
164.799;加油！;6;432
166.299;有些盲人不是闭上眼睛的那种一片黑暗，而是有淡淡的光亮;6;433
166.446;夜魔侠;6;434
166.52;的直线是因为人走路第二步走出的距离比第一步要长，所以会走弯;6;435
168.146;闭着眼是走不出直线的，不信的人自己去试试;6;436
168.379;UP主已经一键三连了，加油;6;437
169.139;确实，如果人闭着眼走路，会不自觉的转个圈，明明感觉自己在直线走，却并不是;7;438
169.14;这是停车位吧;7;439
169.819;朋友，让我当你的导盲犬吧;7;440
170.219;有没有可能是他室友给他剪的视频;7;441
170.919;可以尝试闭着眼在人行盲道上走路，会害怕犹豫，走偏的;7;442
171.299;说到盲道我就好笑，大部分地方了摆设一样;7;443
171.977;还是胆子太大了（doge;7;444
172.899;两眼睁开，一只手捂住一只眼，眼不要闭上，被遮住的眼的视角就是盲人的世界;7;445
174.198;导盲犬就是骗国家补贴的！要花好多钱更本没什么人用的上，不如做好普通的盲人基础建设;7;446
174.819;他是怎么盲的啊？;7;447
175.622;加油;7;448
176.839;谁帮你剪的视频啊;7;449
177.148;空洞;7;450
177.255;习惯了，就不会那么害怕，惶恐不习惯的会很害怕的;7;451
177.305;先天和后天盲不一样的;7;452
178.299;我的天，这太难了;7;453
179.007;有车咋办;7;454
179.499;我现在那么高的闪光，应该好好珍惜眼睛。;7;455
180.172;盲人的感觉不是普通人双眼全闭的那种感觉。而是单只眼闭着的那种感觉;7;456
180.412;你好棒;7;457
180.579;我喝了酒但我在看;7;458
181.074;体验全盲闭上一只眼，闭上的眼睛就是全盲的世界;7;459
182.46;盲人好像是能看点东西的？？;7;460
182.619;UP应该不是全盲还残有一点视力;7;461
183.066;盲人比聋哑人更难接受外界信息，眼睛是心灵的窗户;7;462
183.111;主播可能有助理吧;7;463
185.497;盲人还能打游戏知道吗别小看了;7;464
187.505;好吓人啊，带入我自己闭着眼就靠这样敲打听声外出的话。;7;465
188.656;玻璃倒影有台大g！;7;466
189.46;知道下雨和下雪天的夺命盲道吗？;7;467
190.696;windows有朗读模式;7;468
193.848;忘打了没关系啊，在多等一会吧;7;469
194.819;视力差，你的其他感知就会得到提升。;7;470
195.299;可惜这些字幕up主也许根本看不到;7;471
195.495;就算是假的，也让我深有感触;7;472
196.486;很快啊，趴的一下就三连了;7;473
196.906;盲人的视角是你闭一只眼睛，一只手捂住这个眼睛，另一只眼睁开，这个鼻子的眼睛就是盲人的视角，闭眼是还可以感觉到光的;7;474
197.036;那四百零六人出来;7;475
197.885;所以遇到了还是能帮就帮吧;7;476
199.579;嘀嘀导盲很难做，市场还是太小;8;477
199.647;有盲人用软件，上面都是志愿者，遇到麻烦可以打过去寻求帮忙;8;478
200.114;这个记忆力也太强了吧;8;479
200.281;好轻松啊;8;480
201.488;之前我也尝试着闭着眼睛上楼，但是上一个台阶都很难，很难想到脖子可以练得那么熟练，想必他已经失误了很多次吧;8;481
202.039;叫做 be 没有;8;482
202.256;好了，可以过马路了;8;483
202.658;叫做be my eyes;8;484
202.992;←左边若只走盲道;8;485
203.379;这个城市很好啊 盲道都没被占用;8;486
204.159;滴滴导盲，万一有坏人怎么办呀，毕竟有些不正规的滴滴都有出事情的;8;487
204.444;先天盲是没有颜色的连黑色都没有，你闭上一只眼睛另一只闭着眼睛应该就是先天盲人看到的;8;488
207.521;上面这个信墙都不信盲道的兄弟，有的时候，盲道也是会骗人的，有些路盲道会直通围墙和井盖你信么;8;489
208.959;我擦，长春大学？？？;8;490
210.359;旁边男生一直在看着，应该是准备随时帮忙的;8;491
210.458;你比盲人还懂盲人怎么走路是吗？;8;492
210.608;在设计院待了好几年，第一次深刻体会到无障碍通道对盲人的意义;8;493
211.146;我在天津上班有些天桥就是光秃秃的，没有盲道;8;494
211.539;长大啊;8;495
211.666;包括人行道也被共享单车包围了;8;496
211.679;BeMyEyes可以线上帮助盲人;8;497
212.194;万一打到别人了怎么办？？？;8;498
212.203;我靠这句话听的我好心酸啊;8;499
212.455;大部分盲道都是摆设，睁着眼都走不通那种;8;500
212.487;太阳落下去了吗;8;501
213.355;假如给我三天光明，我三天后直接失明;8;502
215.919;真是长大啊;8;503
216.659;话说这视频是怎么做成的？;8;504
217.878;吉林长春还是老乡？;8;505
218.071;突然感觉好心酸啊，up这句话;8;506
218.519;节奏大师;8;507
219.139;绷不住了;8;508
219.707;美腿;8;509
219.923;听到这个卡点声，我突然间想来一首;8;510
221.67;好感动;8;511
221.789;1000+;8;512
221.85;不知道为什么看到这里好想哭…;8;513
222.117;努力生活，拥抱美好！;8;514
222.953;有感光吗？真的不能体会和想象什么都看不见什么多么的绝望，这个美好的世界;8;515
223.009;所以大家平时摆放共享单车千万不要占用盲道哇;8;516
223.092;前面的，不要给盲人三天光明，会有眷恋的，如果治不好心里会很难受的;8;517
224.41;泪目了;8;518
225.097;我感觉我要是突兀的问人家要不要帮助也会害怕伤害别人的内心的;8;519
225.219;加油！！;8;520
225.596;应该;8;521
225.935;怎么知道时间呢;8;522
226.285;很好看的夕阳，谢谢你;8;523
226.414;我的天 如果是夕阳的话应该会挺好看的 好心疼;8;524
226.998;“如果是夕阳的话，应该会挺好看的”;8;525
227.512;这句话 哎 哭了;8;526
228.027;感叹国家强大，关爱着人民;8;527
228.582;好想把我的眼睛捐赠给他看着好心疼;8;528
228.959;谢谢，很好看;8;529
229.199;想到了陈年烈苟里的楠楠;8;530
229.409;很美。太阳还没有落下去;8;531
229.508;他甚至想把美好分享给我们，可爱的人;8;532
229.618;哇，这句话好刀;8;533
229.731;他说看看 我会心酸;8;534
229.746;好看，谢谢你;8;535
229.819;心疼up主;8;536
229.868;是夕阳，很漂亮;8;537
229.939;什么时候发展出眼球移植;8;538
231.021;我替你看了 很美！;8;539
231.323;泪目;8;540
231.404;特别好看!!;8;541
231.619;可以接一个自动驾驶系统吧;8;542
232.231;很美丽的夕阳呢;8;543
232.381;谢谢你！超好看的;8;544
232.639;融合学校里大家都习惯也相信特殊人群的独立能力;8;545
233.134;泪目;9;546
233.399;好看的;9;547
233.402;很好看的夕阳(^.^);9;548
233.433;很好看的;9;549
233.875;哭了;9;550
233.954;妈耶这句话泪奔;9;551
234.896;大家一起看吧！;9;552
235.339;泪目;9;553
235.369;谢谢你，好看的;9;554
235.92;好可爱;9;555
236.811;长理工就在这前面;9;556
236.853;可恶，为什么我们弹幕上的字他看不到？;9;557
238.056;Up主辛苦;9;558
242.261;加油;9;559
243.529;看好了，币这玩意是这么用的;9;560
243.723;希望你的每一次出行都顺顺利利;9;561
243.82;都是大学生 平均素质最高的人群;9;562
246.109;声音真好听，宝贝真棒;9;563
246.147;能看见我的评论吗？;9;564
246.456;加油，加油;9;565
246.937;因为这里是在大学附近，一般都是大学生，都很有素质的;9;566
249.868;有没有语音弹幕？想给up发呜呜;9;567
250.217;遇到盲人请先问下他需不需要帮助 不要直接上手抓盲杖;9;568
253.842;1000+;9;569
253.908;呜呜呜呜都是好人;9;570
255.257;这盲道设计的真逆天啊;9;571
256.586;博主是后天性失明，比生下来就因为疾病的好点，最起码知道外界的事物和样子;9;572
256.901;在沒有視覺輔助的情況下 要單憑記憶跟聲音聯想記路owo;9;573
257.512;这一段路不知道走了多少次才能这么熟练;9;574
257.533;这种坡道好有必要！;9;575
258.089;不知道踩空了多少次才这么熟练;9;576
258.566;很多城市抢着创建文明城市，但是大部分连盲道都修不好何来文明;9;577
258.575;鼻子酸酸的;9;578
258.66;全黑地图全靠背板;9;579
259.219;背板;9;580
259.816;太难了;9;581
260.419;up 主这手部肌肉牛啊;9;582
261.939;在广州直接导河里去了;9;583
262.379;这里无障碍做的还挺好的，作为残联人，看到这个视频真的很感动;9;584
262.733;我们应该加大对弱势群体的帮助;9;585
262.794;靠，我家长春;9;586
262.979;哥们，你会好起来的;9;587
263.719;对 天桥新修的;9;588
264.059;哇，这个天桥有坡道诶;9;589
264.753;加油;9;590
266.496;基于视觉的自动驾驶技术，用来给盲人做导航挺好;9;591
266.917;是的，当时我们这共享电动车还车点全停盲道上我举报了搬开的;9;592
267.33;有人性化的坡道了;9;593
267.619;幸好是在比较完善的城市里 像我们这边的盲道特别敷衍 走着走着能直接撞墙;9;594
267.699;好奇怪，他到底是怎么发的视频呢？;9;595
268.244;这盲道很到位;9;596
268.452;今个没币了，明天再投;9;597
268.821;挺好的，天桥上有这种盲道的不多见;9;598
268.992;根据世卫组织数据，我国每百人就有一位盲人;9;599
269.031;俺还是希望up主长大以后有钱一定要把眼睛给治好啊！;9;600
269.871;慢点，加油;9;601
270.428;太棒了;9;602
270.663;加油呀;9;603
271.312;剩下两个币都给你了！;10;604
271.323;不占用盲道 这样一看可太有必要了 现在盲道上乱停车的还是多啊;10;605
271.448;家附近地铁站口的盲道都被电动车占了;10;606
273.942;其实我以前觉得盲道被占了可能没什么，但是直到《见》和up才让我明白了盲道的重要性;10;607
273.95;这边的盲道和无障碍做的是真真的好;10;608
275.059;1000+人;10;609
275.299;我不敢想象伸手不见五指的生活;10;610
276.128;看视频从来没有投币的习惯，但是今天真的忍不住想给个三连;10;611
276.412;这个地方做的盲人倒不错，真的很有心;10;612
277.136;会车，不是，盲道上碰到对面盲人的时候怎么办;10;613
277.686;以前经常路过这个天桥，原来是因为长春大学有特殊教育学院啊，之前都不知道;10;614
278.239;《长春大学》;10;615
278.699;你走着走着就笑了 我看着看着就哭了;10;616
279.896;有没有智能机器人语音播报;10;617
280.052;我们这边盲道全是自行车，走不了一点;10;618
281.961;加油;10;619
282.842;大家都别占用盲道;10;620
282.855;手好累;10;621
283.027;长春大学？;10;622
284.179;感觉冬天会很难出行，有积雪;10;623
284.202;吗;10;624
284.439;盲道是脚踩上去感觉的，出现颗粒的凸起就是有转弯分叉;10;625
286.259;是长沙吗？;10;626
292.128;闭上眼睛试着和up一样听声音感受世界 感觉整个人像是在踩在云端 很害怕 up太坚强了 加油;10;627
292.241;他虽无法看见光，但他早已把自己当成光;10;628
293.02;3.7万人;10;629
293.319;可能盲人比谁都向往光明;10;630
293.376;这才是熟练的让人心疼;10;631
295.659;耶耶！;11;632
296.039;不敢想象他到底走了多少遍;11;633
297.372;我感觉很可怜，真的想哭;11;634
298.769;UP心态好好，好温柔，还在哼歌耶，如果是我，不知道自暴自弃多少回了捏;11;635
304.44;我都不敢想象看不见怎么走过来的;11;636
304.58;很厉害;11;637
304.863;闭眼下楼梯的时候，要是都空了半条命没了，这得多熟练才能下期;11;638
305.365;加油 让更多人知道盲人的生活;11;639
307.499;《敲到了瓷砖空鼓》;11;640
308.326;后天失明盲文重新学又要费些心力吧;11;641
308.779;3.4万+人？第一次见到一个视频，同时有这么多人的;11;642
310.087;怎麼都有辦法記得這麼多路的 好厲害;11;643
313.939;不敢想象出门需要多大勇气;11;644
314.747;真的很厉害，能记住那么多路线;11;645
314.832;一直下次一定的我，默默的给了一个三连;11;646
314.929;厉害！！！夸夸！！！！;11;647
316.331;厉害厉害厉害;12;648
316.557;是的呢，宝宝;12;649
316.653;棒棒！！！;12;650
316.758;博主好乐观，看着好心疼;12;651
316.989;是真的很厉害！;12;652
317.37;厉害！;12;653
317.72;棒！;12;654
318.356;你每个细节我都看了，你是真的很熟练，每一个细节都有你自己的节奏，很感动;12;655
318.431;对呀你好厉害;12;656
318.599;第一次看到盲人的第一视角真的太难了up加油;12;657
318.739;宝宝超级厉害;12;658
319.344;见闻色霸气;12;659
319.368;哈哈哈哈哈是的！;12;660
319.47;加油;12;661
319.558;寶貝超級厲害的！！！;12;662
319.697;真的很厉害！;12;663
319.741;你超级厉害的！！;12;664
319.983;你超级厉害！;12;665
320.019;真牛逼;12;666
320.219;很厉害的宝宝！！;12;667
320.222;加油哦;12;668
320.469;你超级厉害，棒棒哒;12;669
320.539;超厉害的;12;670
320.55;你超厉害的;12;671
320.647;是啊，很厉害;12;672
320.918;超级厉害！！！！;12;673
320.938;泪目了;12;674
320.939;很厉害！;12;675
320.958;太棒啦;12;676
320.967;他们的方向感和空间感是很厉害的，脑袋里有自己的地图;12;677
320.979;夸夸！;12;678
321.069;加油;12;679
321.104;已三连;12;680
321.279;你超级超级棒！！;12;681
321.388;弹幕都好温暖呜呜呜，尸斑淡了;12;682
321.459;up很厉害的！;12;683
321.499;太厉害了，朋友;12;684
321.619;雀氏好厉害！;12;685
321.639;Up你超级棒的！！;12;686
322.053;嗯嗯！你真的很棒！;12;687
322.139;加油，兄弟;12;688
322.146;up超棒的;12;689
322.165;熟练得让人心疼;12;690
322.339;厉害了;12;691
322.706;红绿灯是听声音的。;12;692
322.895;看好了，硬币是这么用的;12;693
322.974;哭了;12;694
323.176;加油！;12;695
323.381;up最厉害啦！;12;696
323.713;博主真的很乐观，三连支持你;12;697
324.0;你超厉害的;12;698
324.016;你真的特别特别厉害！;12;699
324.341;是的宝贝，你超厉害的！;12;700
324.51;两币奉上！;12;701
324.605;给看哭了;12;702
324.838;超厉害;12;703
324.859;哇！;12;704
324.951;这不是厉害，这是他妈真的牛逼！加油！;12;705
324.999;厉害厉害;12;706
325.143;超棒的;12;707
325.251;衷心祝福你，up，余生幸福，身体健康！;12;708
325.617;up好厉害！！！;12;709
325.799;视频是朋友发的吗;12;710
325.869;看好了，硬币是这么用的;12;711
325.979;是非常厉害;12;712
326.205;宝贝真棒，抱抱;12;713
326.76;是的，你超级厉害！;12;714
327.143;可惜我没币了;12;715
327.151;已经很快了吧？平常我跟同学聊天，走路也就这个速度;12;716
327.219;他甚至没用棍子接触都猜到有人;12;717
327.419;他怎么知道旁边有人的？;12;718
327.569;真的厉害，佩服;12;719
327.819;好温柔;12;720
328.587;牛逼！;12;721
328.79;超厉害;12;722
329.786;加油太棒啦朋友！;12;723
330.786;字幕应该是自动识别的字幕;12;724
330.941;超级厉害;12;725
330.999;字幕可以用语音识别;12;726
331.083;我靠，真厉害，加油！！;12;727
331.28;你知道;12;728
331.648;他的爸爸妈妈得有多心疼;12;729
332.659;棒棒的;12;730
333.073;超级厉害!;12;731
333.357;很棒;12;732
333.602;你超棒！;12;733
333.755;你真的很棒;12;734
333.941;下面的字幕应该是别人帮打的。;12;735
335.246;着实钦佩up主;13;736
335.586;好熟悉呀，确定了，我老家;13;737
336.019;哈哈哈哈哈哈可爱;13;738
336.139;盲人的听力一般会比正常人他定力好;13;739
336.893;笑死了哈哈哈哈哈不吃这个;13;740
337.128;哈哈哈哈哈哈;13;741
337.244;哈哈哈哈哈哈;13;742
337.306;哈哈哈哈哈当机立断;13;743
339.02;都好可爱;13;744
340.565;好真实因为看不到所以所有人说的话都会回应;13;745
349.659;没人帮一下up主吗？;14;746
349.896;[前方高能];14;747
352.023;没人感觉心寒吗？路人都唯恐避之不及…;14;748
353.718;盲猜校友要吃干锅煎肉饭;14;749
353.807;加油;14;750
354.86;太痛了;14;751
356.39;那个桶让他往外有了一点，导致这里棒子没探到门;14;752
356.686;因为他看得见而你你看不见，心疼;14;753
358.421;大学生是这样的;14;754
359.223;触发自动回复了;14;755
359.886;想哭;14;756
360.339;小心！！！;14;757
361.859;宝宝小心！！！;14;758
362.812;这样撞一下真的巨痛，我之前边玩手机边走路，没注意到toudin;14;759
363.259;对不起，真的哭了;14;760
363.602;红豆泥私密马赛;14;761
364.108;哎呀，这个情况都能遇到;14;762
364.395;好心疼啊真的，抱抱UP;14;763
364.606;帮助视力障碍，要问人家要人家同意;14;764
364.611;空鼓了;14;765
365.079;哈哈哈哈哈哈;14;766
365.095;天呐，撞过门边的都知道痛，而且还是铁的;14;767
365.142;啊啊，好心疼，很痛吧;14;768
365.236;卧槽;14;769
365.353;哇 看着都痛;14;770
365.479;啊啊啊;14;771
365.78;啊啊啊！好心疼;14;772
365.828;啊疼的我叫出来;14;773
365.88;好疼啊看着，心酸;14;774
366.152;啊啊啊啊啊啊宝宝我在屏幕前无能狂吼想让你小心点可惜你听不见。。;14;775
366.339;啊;14;776
366.354;天哪！会好痛的;14;777
366.478;啊 看着好疼啊;14;778
366.568;啊呀;14;779
366.712;抱抱，不疼不疼;14;780
366.73;好吓人！;14;781
366.736;啊抱抱;14;782
367.34;啊！;14;783
367.592;心疼;14;784
367.853;这一下，心疼死我了;14;785
367.959;旁边的！;14;786
367.987;好心疼;14;787
368.204;确实会刚好什么都没打到的时候;14;788
368.239;天啊啊啊啊啊啊啊啊啊啊没事吧dT-Tb;14;789
368.416;哦哦，天呀;14;790
368.514;哈哈哈哈没事吧;14;791
368.547;好心疼呜呜~(>_<)~;14;792
368.551;心疼宝宝;14;793
368.667;小心啊;14;794
368.847;没事吧？撞到哪了？;14;795
368.907;电子木鱼;14;796
368.93;好疼啊！！;14;797
368.931;撞得这一下真结实啊;14;798
369.489;心疼;14;799
369.552;小心!;14;800
369.661;啊呀;14;801
369.673;加油加油兄弟慢慢来;14;802
369.681;诶呦;14;803
369.859;吹吹吹吹;14;804
369.981;抱抱(*꒦ິ⌓꒦ີ);14;805
370.153;哈哈哈哈哈哈哈;14;806
370.184;没蚌住;14;807
370.241;呜呜up好可怜;14;808
370.299;太疼了;14;809
370.621;对不起我的功德-1了5555;14;810
370.671;天，摸摸;14;811
370.725;我看着我也疼。;14;812
370.876;没事吧没事吧;14;813
370.887;好可怜;14;814
370.898;挺疼的;14;815
371.049;我的天哪;14;816
371.445;啊啊啊，心疼;14;817
371.478;好痛;14;818
371.539;巨痛;14;819
371.568;我靠这一下真的好心疼，我也要掉眼泪了;14;820
371.819;疼吗？我的心揪了一下;14;821
371.82;哎我的宝啊！心疼死了;14;822
371.85;疼不疼呀？心疼;14;823
372.115;心疼;14;824
372.243;哎呀，好难啊;14;825
372.339;呜呜;14;826
372.416;摸摸头，吹吹;14;827
372.504;哎 好痛啊 看着好痛啊 ;14;828
372.518;我觉得这里盲道修的很好，但是这里的人很冷漠，没有人情味，我最近看了一位盲人up主，牵着一只导航犬阿尔法，在广州、上海、北京都遇到了非常多的热心人，在这里我一个都没有。;14;829
372.703;天呐好心疼。我感觉自己头一痛;14;830
373.117;心疼呜呜;14;831
373.209;哈哈哈哈 笑死;14;832
373.5;就因为那个箱子;14;833
373.57;做点防撞条吧，校领导！;14;834
373.766;把门拆了，谢谢学校;14;835
374.16;宝宝没事吧？;14;836
374.509;抱抱摸摸;14;837
374.557;小子看好了，硬币之力是这样用的;14;838
374.58;摸摸;14;839
374.699;宝宝。。。。;14;840
374.801;哎呀，up你真的;14;841
374.882;好疼呀，还是要带帽子;14;842
374.906;果果真的要戴个帽子哈 好心疼啊;14;843
375.207;呼呼;14;844
375.219;笑了;14;845
375.484;哭了;14;846
375.739;哎呀，感觉好痛啊;14;847
375.925;下次可以带个鸭舌帽，这样碰到有感觉！;14;848
376.43;心疼死我了啊啊啊啊啊啊啊啊;14;849
376.438;三连补血;14;850
376.683;旁边的人都不管的吗;14;851
376.759;摸摸;14;852
376.801;戴个鸭舌帽，不容易这样撞到;14;853
376.967;心疼，感觉撞的很重;14;854
376.97;乖宝宝;14;855
376.978;不疼不疼，乖;14;856
376.999;吹吹;14;857
377.147;这一下可疼啊;14;858
377.183;真的很疼的;14;859
377.328;哦～宝宝抱抱，不痛，吹吹;14;860
377.48;宝宝小心点呀呜呜T^T;14;861
377.519;没防备的装上去真的疼;14;862
377.534;呼呼呼呼;14;863
377.539;到这里我心揪了一下;14;864
377.54;好心疼啊，不痛不痛啊。;14;865
377.702;Up 带个鸭舌帽吧，听声音就撞得很厉害的;14;866
377.721;疼死我了;14;867
377.99;心疼;14;868
378.182;慢一点呀;14;869
378.299;摸摸;14;870
378.593;好可怜;14;871
378.733;要不带个帽子吧QAQ;14;872
378.856;我的天呐摸摸头;14;873
379.09;我功德没了..;14;874
379.287;前面那个，你心疼还会笑?你去撞一下你看你笑不笑;14;875
379.295;看的眼含泪水;14;876
379.473;心疼了 唉;14;877
379.539;不疼不疼;14;878
379.742;不疼啊，吹吹;14;879
379.748;小心点，下次注意;14;880
380.18;心疼;14;881
380.303;嘶 ;14;882
380.594;好心疼  下次咱带个帽子比较好;14;883
380.969;这没扫到，还是要提醒一下;14;884
381.118;好心疼;14;885
381.139;我靠 心疼爆炸;14;886
381.232;心疼;14;887
381.341;心疼;14;888
381.379;兜里最好备包抽纸，好怕撞出鼻血无计可施;14;889
381.399;摸摸头啊啊啊啊啊啊;14;890
381.496;心疼;14;891
381.522;戴个鸭舌帽应该会好一点吧;14;892
381.579;好可怜;14;893
381.64;为爱投币;14;894
381.723;主要沮丧，比疼还要难受;14;895
381.754;哎没办法这就是盲人的困境，希望大家多多关注一下啊盲人;14;896
382.179;呜呜代入感好强要哭了;14;897
382.214;我天  看的我啊的叫一声;14;898
382.339;好难受啊 看见Up主这样 ;14;899
382.423;好心疼;14;900
382.428;心疼;14;901
382.63;我居然自己在摆;14;902
382.634;心疼了;14;903
382.857;虽然觉得不太好但是还是想笑哈哈哈;14;904
383.076;投个币安慰一下;14;905
383.49;心疼，熟练了，但也要注意安全啊;14;906
383.635;撞门的时候真的喉咙突然就有种被堵住的感觉;14;907
383.768;有点想哭我靠;14;908
383.859;刚好没打到;14;909
383.924;这个视角，我以为我被撞了，心疼;14;910
383.939;心疼;14;911
384.258;摸摸;14;912
384.357;人间疾苦，不敢看;14;913
384.486;心疼，摸摸;14;914
384.935;戴个防撞的头箍好一点，要厚点的;14;915
384.948;一听就是好头;14;916
385.045;走慢点;14;917
385.053;心疼;14;918
385.414;这都疼，下次注意点好不好？;14;919
385.546;因为刚刚后两下是直着打的，没有左右打，还是左右打更保险;14;920
385.658;呼呼;14;921
385.719;硬币摸摸;14;922
385.957;笑死我了哈哈哈哈哈哈哈哈哈哈;14;923
386.253;怕打到别人所以盲杖挥得幅度小;14;924
386.262;痛痛飞走啦~;14;925
386.479;突然之间…我的硬币有了价值……;14;926
386.662;摸摸;14;927
386.744;没事没事;14;928
386.769;可以试一下，戴个帽子前面的顶会碰到墙壁;14;929
387.166;哦！怪不得我见很多盲人会带鸭舌帽（有用的知识增加了）;14;930
387.389;摸摸头！;14;931
387.539;心疼死了;14;932
387.56;好心疼，好想牵着你走...;14;933
387.639;突然流泪了;14;934
387.732;可以带个鸭舌帽到了就会有感觉的;14;935
387.773;没事没事抱抱;14;936
387.849;哎哟，宝宝抱抱;14;937
387.92;心疼;14;938
387.982;打的幅度可以再宽一点的;14;939
388.125;心疼 慢点;14;940
388.367;带个头盔吧;14;941
388.528;播放量1500万，挺好的，让更多人看到这个群体，体会并感受;14;942
389.019;头上按个激光雷达;14;943
389.063;天   o(╥﹏╥)o ;14;944
389.527;墙坏;14;945
389.636;如果你的世界从此没有了光会怎样;14;946
389.675;心疼;14;947
389.677;戴个鸭舌帽吧;14;948
389.696;小心，心疼;14;949
389.748;上楼慢点啊;14;950
389.869;呼呼呼;14;951
389.874;心疼;14;952
389.977;天啊泪目了;14;953
390.059;他在碰到头的时候感觉真的好痛啊！;14;954
391.056;给你投币了，不要心痛了;14;955
391.493;你撞的那一下真的好实诚啊;14;956
391.899;哥们不行双持吧;14;957
392.255;对不起，浅浅笑一下;14;958
392.297;加油，下次注意安全走慢点;14;959
392.409;哭了;14;960
392.437;没了眼镜，感知能力会很强，心境也会更加平和;14;961
392.651;扫到别人你心疼，你没扫到门撞到了我们心疼到死啊。;14;962
392.678;up主好可爱，心疼;14;963
392.807;加油;14;964
392.859;夏果不要灰心，下次戴个帽子，又酷又有用;14;965
393.235;心疼;14;966
393.396;哭了。好难过;14;967
393.646;心疼，摸摸;14;968
393.739;摸摸头;14;969
393.759;不知道为什么我没有撞上，但是我感觉心里很难受;14;970
393.989;好厉害啊！！！特别厉害！！！;14;971
394.196;眼睛尿尿了T^T;14;972
394.497;我以后要善待每一个人;14;973
394.749;确实可以戴个鸭舌帽，软檐的可以稍微保护一下;14;974
394.984;心疼;14;975
395.497;我是真的突然一下子眼红了，鼻子酸了;14;976
395.542;吓死我了;14;977
395.779;慢点走;14;978
395.786;心疼你！up;14;979
395.91;好心疼;14;980
396.098;心里闷闷的;14;981
396.581;能走出来很厉害了，如果是我，我可能最多只能在家周围走走;14;982
396.624;怎么办呐心疼心疼;14;983
396.788;心里一揪揪，好疼啊;14;984
396.819;up主加油;14;985
396.846;(敲棍表示愤怒ing);14;986
397.109;真的很心疼啊，因为我们什么也做不了，只能在这里静静的看着你，其实你撞那一下，我真的很想直接冲进屏幕里给你捂住那个地方;14;987
397.259;笑出眼泪了;14;988
397.51;出门还是带一个朋友一起比较好 ，比较安全 ;14;989
397.62;刚刚好避开了;14;990
397.632;呼呼不疼了;14;991
397.885;这样撞上去比起生理上的疼痛，心理上的痛更大;14;992
398.059;心里;14;993
398.417;加油;14;994
398.539;很生气的猛敲了几下;14;995
398.9;要小心啊，摸摸头;14;996
398.978;戴个鸭舌帽吧，撞帽沿比撞帽子好受些;14;997
399.059;出门也是需要勇气啊 要我的话可能一个月出去一次;14;998
399.189;摸摸！！;14;999
399.202;呼呼头;14;1000
399.233;你好棒;14;1001
399.239;加油，兄弟;14;1002
399.421;我们在这发弹幕up能看到吗？;14;1003
399.546;我们要珍惜世界每一个东西，每一处地方，每一个人。。。;14;1004
399.854;希望能发明智能盲杖，实时语音提醒。;14;1005
399.912;父母看到要多心疼啊;14;1006
399.965;没有无障碍电梯...;14;1007
400.353;up加油;14;1008
400.419;对，一般人我的反应可能会是笑吧 哈哈哈哈哈;14;1009
401.678;加油哦，已经很棒啦;14;1010
401.699;泪目了;14;1011
401.812;真的好可怜呀;14;1012
401.959;呼呼;14;1013
401.985;为什么没有人发明雷达给盲人;14;1014
402.707;加油，以后会越来越好的;14;1015
402.797;心疼;14;1016
402.833;我们下次带个鸭舌帽吧;14;1017
402.953;心疼;14;1018
403.271;怎么那么远啊气死我了;14;1019
403.73;总感觉这么打一下接下来有一段时间建立起来的熟悉感都要崩塌一下;14;1020
404.213;天呀，好心疼。;14;1021
404.499;可以带帽子能保护一下;14;1022
404.635;救命，吓了一大跳吧，摸摸毛;14;1023
404.793;哎呀好想哭ww;14;1024
404.817;我之前试着闭眼走，没多快，撞一下手试着挡一下都直接撞出口子了留了不少血;14;1025
405.519;币是这样用的;14;1026
405.545;看好了，硬币之力是这样用的;14;1027
405.729;不哭不哭;14;1028
405.899;不哭不哭，果果不哭;14;1029
405.91;慢慢的;14;1030
406.122;比痛更难受的是懊恼自己的能力！;14;1031
406.133;好心疼…;14;1032
406.502;砂锅粉 限时秒杀9.9/份;14;1033
406.51;加油;14;1034
406.631;啊啊啊啊啊啊;14;1035
406.631;心疼;14;1036
406.786;很厉害了可以走走这么远;14;1037
406.839;博主加油呀;14;1038
407.08;普通人碰了一下心情会突然很不好;14;1039
407.358;现在盲道上都停电动车，还有石墩子垃圾桶…;14;1040
407.419;摸摸头，不难过，这次是因为晃着直接打到门对面了，就差一点点;14;1041
407.479;别气别哭    但听着真的感觉撞得好痛噢;14;1042
407.599;你很强;14;1043
407.737;这一下撞的好狠啊;14;1044
407.753;宝，带个鸭舌帽吧;14;1045
407.833;真的好疼啊，心疼;14;1046
407.899;痛痛飞~加油加油;14;1047
408.338;别哭别哭;14;1048
409.038;揉一揉，不哭;14;1049
409.518;希望有智能盲杖;14;1050
409.742;要走慢点;14;1051
410.245;抱抱;14;1052
410.418;加油加油;14;1053
410.512;带鸭舌帽那个好！;14;1054
410.651;虽然很心疼啊，但是up主你表现得太可爱了，忍不住笑了;14;1055
410.922;下回戴个帽子;14;1056
410.939;币给了;14;1057
411.278;我平时走路也会撞墙;14;1058
412.419;右边要往左边打扫得范围才大;14;1059
412.758;摸摸摸摸;14;1060
413.414;好心疼;14;1061
413.692;up特别厉害！很勇敢！很乐观！就算有一点点缺陷也不影响他发光！;14;1062
413.79;吃饭的心情没有了;14;1063
414.294;真的记得路，挺厉害的;14;1064
414.48;100%是他舍友帮做视频的。但我希望他是装的。;14;1065
414.612;心疼你;14;1066
414.786;呼呼 痛痛飞飞～;14;1067
414.819;加油坚下去;14;1068
414.948;摸摸毛，吓不着;14;1069
415.005;还是带一个帽子吧，防止撞到;14;1070
415.256;一个手拿棍子打，一个手摸会不会好一点;14;1071
415.34;怪不得盲杖要左右探;14;1072
415.419;很棒了，这么远的路走过来就出了一个小插曲，我走平地扭到脚的时候都有哈哈哈;14;1073
415.634;明明不盲，我有的时候还能撞上去;14;1074
415.751;摸摸头哦;14;1075
415.847;我如果在大概会带你走……;14;1076
416.379;加油up;14;1077
416.54;可以带个鸭舌帽;14;1078
416.541;明显不敢再走快了;14;1079
416.699;抱抱;14;1080
416.829;UP主好厉害啦;14;1081
417.667;走的更慢了，哭了;14;1082
417.959;摸摸头;14;1083
418.535;这一撞，马上能吃到好吃的的心情也变糟糕了吧;14;1084
418.569;快吃点美食治愈一下吧;14;1085
418.689;感觉要哭了;14;1086
418.792;为啥没人帮帮他啊;14;1087
419.17;镜头好像都已经歪了;14;1088
419.259;加油;14;1089
419.453;不气不气，你好棒！！;14;1090
419.46;实用;14;1091
419.46;可以感觉到障碍看着也不奇怪;14;1092
419.636;抱抱up;14;1093
419.874;抱抱;14;1094
420.342;摸摸头，不疼不疼;14;1095
420.819;带个鸭舌帽吧这样不容易碰到;14;1096
420.946;别气馁，很棒啦超级棒;14;1097
421.299;很多盲人不敢出门的，up很坚强了;14;1098
421.645;建议带个头盔;14;1099
421.699;有鸭舌帽会好很多;14;1100
422.882;加油，你很棒;14;1101
422.948;他怎么玩游戏啊;14;1102
422.999;加油哦！！！;14;1103
423.124;说实话碰的那一下我笑了，就是突然觉得挺搞笑的;14;1104
423.527;加油;14;1105
423.85;手好好看啊;14;1106
424.371;別哭別哭;14;1107
424.931;心疼;14;1108
424.957;确实心里面揪了一下;14;1109
424.986;抱抱;14;1110
425.191;Ciallo;14;1111
425.534;没出血的;14;1112
426.019;这时候太难过了  ;14;1113
426.233;是啊本来很完美的一路的。没关系，下一次就可以更完美了！;14;1114
426.379;摸摸头;14;1115
426.659;加油;15;1116
426.938;给两个币鼓励一下;15;1117
427.316;加油;15;1118
427.418;没事的没事的慢慢来乖乖;15;1119
427.697;带个鸭舌帽防撞吧;15;1120
427.739;已经很棒很棒了;15;1121
427.97;没关系呀;15;1122
428.023;用手搓了搓 很疼吧 以为流血了;15;1123
428.043;申请导盲犬吧;15;1124
428.219;没人问下需不需要帮助么;15;1125
428.33;没关系的，我们下次小心就可以啦;15;1126
430.419;没关系的，你已经做的很好了，下次会更好的。;15;1127
430.641;要不是一个视频只能投两个币……;15;1128
432.219;他好懊悔;15;1129
432.283;up手好好看;15;1130
432.939;左手在搓手指，是在感受有没有流血;15;1131
433.433;没事儿哦，没有流血呢;15;1132
433.627;渔粉超级好吃，加油加油呀;15;1133
435.308;是视觉问题吗 刚才那个楼梯感觉有点矮;15;1134
436.554;看好了硬币是这么用的;15;1135
436.995;他好棒啊，竟然找到了;15;1136
439.3;你太棒了 抱抱你;15;1137
441.419;镜头都歪了;15;1138
441.669;看来是经常来;15;1139
442.975;前面那个 把头发做成探测器 你觉得你很有趣吗;15;1140
444.558;我今天也吃的鱼粉哈哈;15;1141
447.118;2000年？;15;1142
447.57;盲人可以看的清楚最基础的光线，所以他还是能看的清楚一丁点儿东西;15;1143
448.699;抱抱up;15;1144
449.419;不要吃巴沙鱼;16;1145
451.411;这个手好漂亮;16;1146
451.475;hhh我们学校也有这个鱼粉，但是我毕业都还没吃过一次，我感觉太辣了。;16;1147
451.739;我糙，这天是我生日！;16;1148
452.562;巴沙鱼最好别吃， 脏得很;16;1149
454.219;我也在这吃过鱼粉！;16;1150
455.16;我也超爱五谷渔粉，酸辣味的吃的要多些，下次也试试你们说的这些口味;16;1151
455.819;手机有那个无障碍;17;1152
457.899;看他流利的使用手机，真的很心酸;17;1153
458.86;吹吹;17;1154
459.859;我们体会不到，也没有资格对别人评头论足;17;1155
460.398;呼呼;17;1156
460.539;加油;17;1157
460.921;心疼 加油呀;17;1158
461.259;呼呼呼呼，希望不要疼太久;17;1159
461.497;墙坏！！！;17;1160
461.812;这次走得很棒了 有点小意外也是没法避免的;17;1161
461.933;up，待会我也去撞一下，陪你一起疼;17;1162
462.099;真自信;17;1163
462.202;给你投币，摸摸;17;1164
462.717;还好没撞鼻子，更疼;17;1165
462.737;摸摸头;17;1166
462.739;哎 哥们 真不容易;17;1167
462.932;兄弟加油！;17;1168
462.973;苹果和华为的无障碍都很好;17;1169
463.159;长春大学特殊教育学院，我也在这食堂吃过饭;17;1170
463.259;有导盲犬看样子帮助很大;17;1171
464.219;只希望有更多人会注意到这类人的群体;17;1172
464.516;投两币;17;1173
464.923;还得是苹果！;17;1174
465.002;ios无障碍做的最早也最完善。。毕竟用户基数在那;17;1175
465.72;可以带个鸭舌帽，这样会是帽子先碰到;17;1176
466.194;加油;17;1177
466.499;鱼头鱼粉，最爱;17;1178
466.659;有没有盲人男主的文啊 我怜爱了 ;17;1179
467.211;我见过的视障人士多数用苹果的;17;1180
467.625;呼噜呼噜毛;17;1181
468.458;1;17;1182
471.74;我有个问题，他是怎么剪视频的？;17;1183
473.713;五谷渔粉好吃！;17;1184
474.133;看不到，怎么剪辑的？？;17;1185
474.833;吹吹就不痛啦！以后再也不会撞到啦！;17;1186
474.984;加油呀！;17;1187
476.932;细节手机放腿上，不放桌上;18;1188
477.128;加油！！！！;18;1189
478.693;只是看不见，不是哑巴，可以问出口在哪边。;18;1190
480.499;加油;18;1191
480.913;看到香菜心脏一颤;18;1192
481.45;致死量的香菜;18;1193
482.277;阿姨也好;18;1194
482.551;不忌口也算是从小懂事的让人心疼;18;1195
482.677;盲人的手机有无障碍阅读模式;18;1196
483.184;加油;18;1197
483.374;盲人的话，好像，如果是后天的话，好像有机会恢复的;18;1198
483.848;看起来很好吃啊;18;1199
484.325;我也喜欢吃鱼粉;18;1200
484.419;手机好像是有盲人模式的只要说话就能用;18;1201
484.477;我超爱吃这个！;18;1202
484.819;我也爱吃五谷鱼粉！;18;1203
485.241;他恐怕都不知道这些菜到底长什么样吧…;18;1204
485.326;国产手机无障碍也做的越来越好了;18;1205
485.656;我也吃过！;18;1206
486.499;真厉害啊;18;1207
486.522;很细节告诉他里面加了什么;18;1208
488.592;盲人手机有盲人模式！！！;18;1209
488.829;也就是正常照顾特殊人群，并不是怜悯呀;18;1210
488.885;下次真的可以带个帽子保护一下;18;1211
488.979;兄弟，回寝室顺便帮我带一份，谢谢嗷;18;1212
489.674;好心疼up呜呜;18;1213
490.929;这个品牌我也经常吃，爱吃鲜虾粉，和肉夹馍。;18;1214
492.91;怎么全是菜啊？;18;1215
493.079;我想给他带路;18;1216
493.401;这家鱼粉非常好吃;18;1217
494.631;在我们学校，我也爱吃五谷渔粉;18;1218
494.87;真羡慕你，失眠了还能那么开朗;18;1219
495.101;啊，我也爱吃这个;18;1220
495.822;这个真的超好吃！！;18;1221
496.259;鱼粉还能挑鱼的品种的吗;18;1222
496.689;我也喜欢吃;18;1223
496.745;我也喜欢吃这个;18;1224
497.418;真的要泪目了，说是搅拌均匀，其实看不到根本没搅开;18;1225
497.471;你在平时把他们当成和我们完全一样的正常人就是最大的尊重，过度的把怜悯施加到他们身上会让他们难受;18;1226
497.527;这个五谷鱼粉我也喜欢吃;18;1227
498.053;也不是怜悯吧，我要是失明了也想要其他人的好心帮忙;18;1228
498.294;义眼不是每个人都装的起的;18;1229
498.716;我还从来没有吃过这个，看起来好好吃;18;1230
498.832;我也爱吃五谷鱼粉qwq;18;1231
499.02;跟我们食堂用的一个碗;18;1232
499.459;确实，五谷渔粉真好吃;18;1233
499.574;我觉得吧，盲人虽然看不见，但是还是感觉得到嘴巴在哪？;18;1234
499.929;扫脸付款的;18;1235
500.639;其实搅拌啦 up其实搅拌的蛮好的 每一个菜都浸入汤汁啦 超棒的;18;1236
501.486;没啥刺;18;1237
501.52;五谷鱼粉我在学校也爱吃唉;18;1238
501.577;我也喜欢五谷鱼粉，感觉很开胃;18;1239
501.619;一直在流泪;18;1240
501.628;五谷渔粉;18;1241
501.899;我公司里有不少弱视员工，公司附近的餐饮店看到弱视人群都会主动带他们找座位，帮他们点餐，这个社会应该会越来越好的吧;18;1242
501.955;拌得比我拌得好hhh;18;1243
502.291;我也喜欢吃渔粉，真的超级好吃，超级好吃;18;1244
502.503;1000+人正在观看;18;1245
502.637;阿姨给的香菜好多;18;1246
503.101;Up, 赶紧好起来;18;1247
503.739;提前问下，您需要帮助吗？;18;1248
504.853;加油哦，你好厉害的！;18;1249
504.965;你们都说这么好吃等我上了大学我也尝尝;18;1250
504.986;好吃，半夜给我看饿了;18;1251
505.439;up有这么大的困难都热爱生活，现在才发现我遇到的挫折都不算什么，谢谢你兄弟，让我明白了要享受生活。;18;1252
505.749;盲人当然需要帮助了，只是不好意思开口;18;1253
506.494;等一下，脑机接口不是靠思维控制设备吗？;18;1254
507.211;加油！;18;1255
507.326;我们替up观看世界;18;1256
507.384;因为看不见，所以拌不好粉;18;1257
507.776;这个好吃的;18;1258
508.171;哥们 活的真牛逼;18;1259
508.94;加油;18;1260
508.99;看着就有食欲;18;1261
509.295;不是还有快捷键吗 ？;18;1262
510.1;可以给我吃一小口吗？就一小口。AwA;19;1263
510.239;好厉害！;19;1264
510.304;问鱼粉是哪里特色的。。我觉得是大学食堂特色。。。;19;1265
511.875;珍惜我们的生活吧;19;1266
513.098;up加油啊！投幣了;19;1267
513.899;不是，我还没吃呢;19;1268
514.111;草完了怎么没币了啊啊啊啊啊;19;1269
515.606;好厉害！！;19;1270
515.764;我去和我们学校是同一个牌子，确实好吃，可惜刚关呜呜呜;19;1271
516.022;他咋那么温柔嘞 我都被暖到了;19;1272
516.139;五谷鱼粉;19;1273
518.823;加油;19;1274
522.62;为什么一千七百多万人看过才一百多万个点赞;19;1275
523.769;宝宝好可爱呜呜呜 希望残障人士早日通过科技实现生活便利;19;1276
524.299;盲人很容易被拐。因为他看不见别人给他下毒。;19;1277
524.795;toub投币点赞加油;19;1278
524.899;真干净！真棒！;19;1279
525.118;如果有机器人帮忙就好了;19;1280
526.304;加油，好的心态很重要;19;1281
526.393;加油老铁;19;1282
528.146;他应该是后天性的;19;1283
528.236;没关系的;19;1284
533.839;鱼粉是个啥？;19;1285
534.614;能听出up是有点...不太好意思的那种感觉，心疼;20;1286
534.961;理解;20;1287
536.271;走慢了好多呜呜呜;20;1288
537.071;aaa;20;1289
537.186;我以後經過盲人時 要幫忙帶下順路）哭;20;1290
537.32;吃过诶;20;1291
538.479;理解;20;1292
540.419;没事哒，大家都理解的;20;1293
540.824;没事的小夏！;20;1294
540.85;我今天过生日 能祝我生日快乐吗;20;1295
541.583;加油啊，给币了;20;1296
541.6;我们学校也有五谷鱼粉;20;1297
542.358;f题外话，这黑衣服男生有点小帅;20;1298
543.29;看哭了;20;1299
547.527;看这个视频真的，让人好心疼，心脏突突的感觉就是;20;1300
550.011;第一位温暖的人出现啦;20;1301
553.462;哈哈哈，东北话;20;1302
554.981;谢谢阿姨;20;1303
555.948;阿姨好善良;20;1304
556.734;谢谢好心阿姨;20;1305
557.781;阿姨好！！门坏！！;20;1306
557.939;如果要搀扶盲人的话，尽量走在盲人前面。;20;1307
559.795;谢谢阿姨;20;1308
561.789;说真的，我感觉楼梯是最好走的因为有节奏感，平地反而会撞到异物;20;1309
561.843;感觉楼梯扶手有点矮;20;1310
563.239;下楼真的要小心点啊，待会掉下去了;20;1311
563.666;泪目了;20;1312
564.065;阿姨好！大家都是暖心的人！;20;1313
565.699;平时觉得很普通的楼梯，现在觉得好高好艰难。。;20;1314
565.8;这个楼梯太吓人了救命啊;20;1315
565.902;天呢这个楼梯 看着我都害怕;20;1316
566.427;恐高症给我整出来了，up一定要一步一步走啊;20;1317
567.459;好心情很多，只是不知道怎么帮忙;20;1318
567.739;好怕下楼梯没走稳摔跤了QAQ;20;1319
567.747;阿姨真好！;20;1320
568.7;第一次感觉下楼这么恐怖;20;1321
568.74;叫姐姐啊;20;1322
569.299;这个栏杆太矮了好危险啊;20;1323
570.979;鼻子太软了;20;1324
571.462;刚刚给我吓了一跳，生怕他一不小心撞上掉下去了;20;1325
571.616;我刚害怕他翻下去了;20;1326
571.697;扶一下啊，看的我好慌;20;1327
573.341;是我我还是会选择左手拿着右手扶着扶手更有安全感;20;1328
573.387;这是开广角了，护栏实际挺高的;20;1329
573.539;啊啊啊啊…眼泪怎么就流下来了啊;20;1330
573.579;我只是黑一点走楼梯都会害怕，更别提看不见了;20;1331
574.128;走慢点啊，万一有水滑倒了;20;1332
576.526;我好怕他从窗户走出去;21;1333
576.539;扶一下吧我害怕;21;1334
577.021;看着up这样还能出来，而正常的我虽然想出门却总想太多而宅着...;21;1335
577.894;这门有人帮忙打开了;21;1336
578.549;楼梯虽然危险但是好走，我有时懒得开灯直接摸黑下楼梯凭感觉比平地好利索;21;1337
580.308;很久没有碰？证明他以前碰过，好心疼啊;21;1338
580.478;我天生方向感就很不好;21;1339
580.873;盲杖掉了一点都不麻烦，相信一个普通人看到都会帮他拿回来。有什么麻烦的！;21;1340
581.349;不是全盲的话可能会看到一点光吧;21;1341
582.822;主要是在這個門之前“撞到人了”本来精神就比较紧绷，又看不到，会更紧张，空间感知就会变差…知道快到了，但是判断不出来大概是什么时候到;21;1342
584.741;豆柴了;21;1343
584.875;我已经很久没碰过，也就说他以前经常碰这个门。。。;21;1344
585.059;没事，我这长着眼有时低头看手机还撞呢;21;1345
586.323;好心疼啊……;21;1346
586.539;记得好牢;21;1347
587.451;可以用左手放前面挡一下;21;1348
587.453;能走出来就已经很NB了;21;1349
587.517;门:我惹你了吗？;21;1350
588.77;大家都阅读理解满分同学awa;22;1351
589.039;手杖上有根绳子缠在手腕上别问我怎么知道的;22;1352
589.337;泪目;22;1353
589.656;旁边穿白色外套的兄弟一点一点挪过去的;22;1354
592.352;坏门;22;1355
593.943;冷漠的大学生;22;1356
595.375;好危险啊;22;1357
595.97;加油！;22;1358
597.824;没事儿～（南昌口音）;22;1359
598.032;真的很棒了;22;1360
598.068;天津姑娘;22;1361
599.397;没事;22;1362
600.178;小子硬币是这样用的;22;1363
600.295;一生没事儿的中国人;22;1364
600.295;我们学校有盲人体验课，走楼梯有盲杖的话真的方便很多;22;1365
600.563;唐山滴姑娘;22;1366
600.867;没事儿，味对了;22;1367
602.283;这句东北味儿哈哈哈哈哈;22;1368
603.669;“没事”好标准的东北口音;22;1369
604.884;不要！果果往右！往右！;22;1370
604.934;啊，往右边偏一点啊啊;22;1371
605.499;如果是i人的话出来一趟压力好大，不停道歉;22;1372
605.925;好好啊，这个学校，还有这里的人;22;1373
606.109;好人一生平安;22;1374
607.451;感觉人家看着你是忙人，没发脾气，换做正常人早开口骂了;22;1375
609.063;我在空旷地段蒙着眼睛走路，走一会就感觉面前有柱子，可是并没有，是真的恐惧;22;1376
609.364;这次不会撞的，左右打盲杖能碰到障碍物;22;1377
610.32;都是好人啊呜呜呜;22;1378
610.327;呜呜呜呜呜呜真好啊;22;1379
611.219;温暖的第二位出现了;22;1380
611.479;好人！;22;1381
612.475;谢谢你，陌生人;22;1382
612.71;好人呀;22;1383
612.73;感动！好好的同学呀;22;1384
612.898;五柠檬;22;1385
613.138;好人啊不然可能又撞上了;22;1386
613.199;好暖 呜呜呜;22;1387
613.21;泪目了;22;1388
613.565;差点急死了还以为又要撞了;22;1389
614.118;我天 up身边有很多好人的;22;1390
614.319;呜呜呜呜呜太善良了;22;1391
614.339;呜呜呜…我的眼泪;22;1392
614.934;听到有好心人提醒真的很暖心;22;1393
615.248;还是好人多啊;22;1394
615.272;闭上眼睛和盲人是不一样的，闭上眼睛还有亮光盲人就是黑洞洞的一片;22;1395
616.098;好感动，阿婆也辛苦了！;22;1396
616.555;他刚又没打到门，差点走创上去了;22;1397
616.615;好人！;22;1398
616.778;感觉棍子扫着地面走会好辨别一点？我也不知道;22;1399
616.879;先天的还好一点 如果是后天实名真的太难了;22;1400
616.904;泪目了;22;1401
616.951;呜呜呜;22;1402
617.403;小心！;22;1403
618.406;不过这个楼梯设计的也是奇葩，非要穿过一楼才能去二楼;22;1404
620.647;看到这忍不住眼泪了实在;23;1405
621.552;六点半棍法;23;1406
621.877;是故意的，还是不小心的?（doge）;23;1407
622.786;心酸又好笑;23;1408
623.133;绷www;23;1409
623.244;我要这样，应该没有活下去的勇气;23;1410
623.432;虽然但是，哈哈哈哈哈哈;23;1411
623.481;对不起我想笑;23;1412
623.587;精准命中;23;1413
623.62;啥意思;23;1414
624.221;不行，这里我笑疯了哈哈哈哈哈;23;1415
624.301;哈哈哈哈哈哈哈哈哈哈;23;1416
624.42;哈哈哈没躲过去;23;1417
624.746;主要还是背景音效;23;1418
625.219;哈哈哈哈哈哈哈;23;1419
625.419;笑了一下…功德没了;23;1420
625.501;哈哈哈哈哈哈哈哈哈;23;1421
625.619;他预判错误，他预判你是荡剑式，所以使出一招凌波腿想跨过去的，结果你来了一招上剑式。;23;1422
625.901;笑着哭着。加油加油;23;1423
626.401;不是，这个对不起，太搞笑了;23;1424
626.422;对不起笑死我了;23;1425
626.438;怎么办好好笑;23;1426
627.107;不看了，顶不了;23;1427
627.422;哈哈这里没绷住;23;1428
627.501;大家都好好啊;23;1429
627.723;这里是真的有点好笑;23;1430
627.924;一生没事的中国人;23;1431
628.765;差点绊倒后代;23;1432
629.704;抱歉有点儿没绷住，加油哦UP主;23;1433
630.659;想哭;23;1434
630.888;看好了硬币之力是这样用的;23;1435
630.897;精准定位;23;1436
631.443;哈哈哈;23;1437
631.756;棍都歪了，肯定很疼;23;1438
632.299;盲杖都歪了哈哈哈;23;1439
632.375;哎呀，太艰难了;23;1440
632.396;哈哈;23;1441
632.819;这次棍子弯了;23;1442
634.258;没事，本身就挺有意思的（不是说up哈，就是说这一幕挺有意思，确实绷不住）;23;1443
634.45;没关系，下次会更好的;23;1444
635.64;虽然，但是，一边哭一边笑;23;1445
635.997;很厉害了;23;1446
636.379;你预判了他的预判哈哈;23;1447
637.13;不评;23;1448
637.227;想起以前小学读了一篇课文，是关于一个盲人提灯笼的，小时候吃的真好啊;23;1449
637.859;挫败感有的时候会让人不敢走出家门;23;1450
638.754;全国应该只有长春大学对盲人大学生比较友好;23;1451
639.022;好心痛;23;1452
639.267;仙人指路;23;1453
639.571;弹幕好好笑 哭一半笑出来了;23;1454
640.66;拍拍up;23;1455
643.342;大家会原谅你的;23;1456
643.367;哎呀，我掉小珍珠咯;23;1457
643.859;不好意思笑出声了，这一剑太快躲不开;23;1458
644.578;0;23;1459
644.665;对不起，我笑了。;23;1460
645.215;445个人出来;23;1461
645.823;手在发抖啊;23;1462
646.924;杆子弯了…;23;1463
648.508;没关系，出了点问题是很正常的，视力正常的人出门也会撞到门或者墙什么的，up咱不慌啊;23;1464
648.544;广角畸变是边缘弯曲，棍子这个位置是真的弯了;23;1465
648.727;我感觉博主其实是需要发泄的吧会感到辛苦;23;1466
649.013;吃顿饭，天都变黑了;23;1467
649.939;可能碰到那下，真的打击到了，所以会害怕也会怀疑自己吧  好无助哦;23;1468
654.324;加油;23;1469
654.371;应该搞个智能的;23;1470
655.536;棍子要换了!;23;1471
657.191;内心应该会害怕吧，呜呜，谢谢你鼓励了我;23;1472
657.341;看了up视频感觉自己真的一点不争气，我不应该这样浪费自己的青春;23;1473
658.109;没事的 他可以听到评论区;24;1474
658.738;安全感来自盲道和墙壁;24;1475
658.788;确实杆子弯了。前面被拌的应该也蛮疼;24;1476
659.984;咋感觉导盲棒歪了？;24;1477
660.644;没有剪辑吧;24;1478
661.653;歪了;24;1479
662.834;盲道真的好重要啊，希望城市建设都能重视，车辆不要占用盲道！！;24;1480
663.071;泪目了;24;1481
664.099;我在想这些路段如果有临时施工什么的，那就很危险了……;24;1482
664.169;希望能推广盲道举报渠道 让我们也能参与进城市建设中;24;1483
664.897;昨天我坐公交车，起身的时候头撞杆子上了，下车的时候又踢到脚趾头了，总是奇奇怪怪的受个伤;24;1484
665.408;撞狠了，不淤青也红了估计;24;1485
666.594;不可以用软的！盲杖的作用就是受力和发声;24;1486
669.299;宝宝加油哦！;24;1487
670.003;这让我想起以前熬夜没睡好去上学的路上，闭着眼一边眯一边踩这种黄色格子(如果失去触觉就睁开眼);24;1488
670.163;没币了;24;1489
670.558;加油;24;1490
671.001;热知识，闭眼走路走不直;24;1491
671.037;如果食堂也有盲道就好了，视障的朋友们太不容易;24;1492
671.698;导盲犬现在是可以免费领的，但是数量不多;24;1493
671.893;不是所有人都能用的起导盲犬的，很贵的，而且还要预约;24;1494
673.007;想念以前的生活，这边真的;24;1495
673.831;很难想象，他失明后的感受;24;1496
674.217;至少是后天的，对于世界的方方面面已经有了了解。先天的去适应生活无疑会更加困难;24;1497
674.439;必须给你一键三连;24;1498
674.51;呜呜呜呜呜心疼死了;24;1499
674.641;好像有点歪了;24;1500
674.682;哎，这话听着好心疼;24;1501
675.01;天那眼睛好的时候……;24;1502
675.132;给up投币安排导盲犬;24;1503
676.009;走的快不是臭毛病!这才是该有的样子;24;1504
676.799;要好好生活;24;1505
677.088;这句话给我整破防了;24;1506
677.547;上面红字的，阅读是最后两个盲人手牵手的那个吗;24;1507
678.36;我的妈呀后天的。。。真的泪目了;24;1508
679.33;唉 以前眼睛是好的啊;24;1509
679.578;天啊;24;1510
679.795;会好起来的;24;1511
680.121;这种视频反倒能让人静下心来;24;1512
681.179;啊啊啊这句以前眼睛好的时候真的差点给我看哭了;24;1513
681.3;上面那个小说的我也做过;24;1514
681.425;先天的还好，起码不知道有光的世界。后天形成的才叫痛苦。;24;1515
681.659;我现在才知道原来脚底下这个是盲道吗;24;1516
682.799;眼睛咋坏的呀;24;1517
683.265;我为数不多的一健三连的视频;24;1518
685.988;盲人头部还是得增加保护;25;1519
687.027;见过光之后失明还能这样好好生活真的不容易;25;1520
687.099;看着看着我哭了;25;1521
687.294;后天的感觉会更绝望;25;1522
687.819;2024年九省联考曾明;25;1523
688.099;好心疼喔;25;1524
688.968;就像是自己得心应手的事情突然做错了 又自责又懊悔 好难过;25;1525
690.258;是捐献吗;25;1526
690.938;让我想起了一本书，假如给我三天光明，要是给他们就算是少之又少的几天，他们也愿意看看这个世界;25;1527
691.031;熟练到让人心疼;25;1528
691.83;流眼泪了…;25;1529
691.951;长春大学啊？;25;1530
693.552;后天的啊;25;1531
694.319;加油;25;1532
695.499;保护视力 从我做起 ！;26;1533
695.947;后天失明很难接受的;26;1534
696.381;加油;26;1535
697.681;没事的，我也经常撞到墙，偶尔撞一下还好，不用太自责了;26;1536
697.843;以前听别人说先天性失明的人如果会做梦，那就是开了天眼。。。其实挺希望这是真的，这样至少能在梦里看看世界;26;1537
698.84;上次撞是因为铁架子悬空的，盲杖没探到;26;1538
700.511;感觉他每次都好累去一个地方如果是他自己只能走路自己骑交通工具就很方便了;26;1539
701.66;下楼梯看着真的好危险啊;26;1540
702.48;右边也有个同道中人……;26;1541
703.757;哇，朋友领着来吃饭的女生欸;26;1542
704.019;盲人怎么玩手机嘞;26;1543
705.013;旁边也有一位盲人女孩;26;1544
707.018;很棒的;26;1545
708.667;楼梯好恐怖;26;1546
709.357;up主真的好厉害！我看不到的话很难找路的，因为我本身就笨手笨脚的;26;1547
710.717;加油，up！;26;1548
711.147;泪目了;26;1549
711.911;两个盲人相遇了;26;1550
712.661;up主加油;26;1551
714.298;加油！;26;1552
714.579;好多视障的同学;26;1553
717.009;加油;26;1554
717.066;九省联考;26;1555
717.254;后天生病，当他致盲时，博主应该很痛苦吧？;26;1556
717.519;后天忙人最痛苦;26;1557
718.06;不过看不见的话我都怕我能不能活到现在。;26;1558
718.386;UP主加油;26;1559
719.818;果果要小心啊;26;1560
721.935;咋盲杖弯了呢;26;1561
722.003;这个估计得记步数了;26;1562
735.459;大家都主动让路哎;26;1563
737.201;少见多怪，新生代青年的素质普遍高几个档次;26;1564
737.251;令人安心的栏杆;26;1565
738.357;当然是主动让开啊，这不是常理吗？;26;1566
739.907;加油;26;1567
740.307;好栏杆;27;1568
742.085;up找了半天的铁栏杆 实际上一直在他旁边 唉 谁懂;27;1569
744.931;故意跟盲人抢道的在路上要遭人打 打完还没出处说 说一次被鄙视一次;27;1570
745.472;要停了车就没这么顺了;27;1571
745.488;谢谢你栏杆;27;1572
745.601;世上还是好栏杆多呀;27;1573
746.711;\;27;1574
749.068;女生宿舍去了也没事;27;1575
752.735;这个栏杆最好永远也别挪位置，起大作用了。;27;1576
753.915;一个盲人最怕在一个空地上没有栏杆和墙;27;1577
757.356;我居然看完了;27;1578
759.059;听这一段真的好心酸啊www;27;1579
759.602;你是我的眼;27;1580
761.816;石球把这里挡住了，车进不来;27;1581
764.038;我就长春的。我一同学现在也在长春大学上学;27;1582
764.496;出去一趟就是一次冒险;27;1583
765.267;你很棒了！;27;1584
765.319;up好坚强，加油哦;27;1585
768.741;你真的很棒！同学;27;1586
769.665;但老师我朋友可能只跟他说了一两次，这是哪里，他却记了一辈子;27;1587
770.008;看这边是个停车位啊，停了车咋办;27;1588
770.155;马路牙子：同栏杆，我也做了件好事;27;1589
772.373;真棒！！！！！;27;1590
772.519;哎，长春大学这么多帅哥;27;1591
772.622;你很厉害，加油;27;1592
774.176;这学校够好了，如果能更好，这段路和食堂加上盲道，电梯加上语音;27;1593
775.716;up，加油;27;1594
777.709;拜拜;27;1595
780.275;棒棒哒;28;1596
783.993;欢迎回来～;28;1597
784.311;好可爱;28;1598
786.407;哇，你超棒的~;28;1599
788.34;拜拜;28;1600
789.213;太棒了;28;1601
789.739;辛苦了;28;1602
790.609;每一天都会更好，好好休息;28;1603
790.805;辛苦了~欢迎回来~;28;1604
790.98;原来吃个饭都是一场考验，加油，陌生人;28;1605
791.012;这得记住多少声音啊。。。;28;1606
792.07;辛苦啦~鱼汤美味捏;28;1607
792.115;今天也很棒呢;28;1608
792.128;加油;28;1609
792.279;欢迎回来！;28;1610
792.467;好好休息，真的好棒好厉害;28;1611
792.789;拜拜，每天都要开心;28;1612
792.945;欢迎回来;28;1613
792.962;拜拜;28;1614
793.437;拜拜;28;1615
793.795;厉害厉害;28;1616
793.967;拜拜;28;1617
794.264;好棒呀;28;1618
794.319;好棒好棒;28;1619
794.386;拜拜，期待下一期;28;1620
794.667;欢迎回家，辛苦啦！！;28;1621
794.779;太棒了！;28;1622
795.341;up主声音好温柔啊啊;28;1623
795.492;太厉害啦，欢迎回家。;28;1624
796.299;加油;28;1625
796.727;拜拜，每天都要开心;28;1626
796.754;牛壁;28;1627
796.847;拜拜！;28;1628
796.879;拜拜捏;28;1629
797.119;辛苦啦～欢迎回家;28;1630
797.14;谢谢你 治愈了我的一天;28;1631
797.151;拜拜啦;28;1632
797.238;拜拜;28;1633
797.266;拜拜~;28;1634
797.414;拜拜啦;28;1635
797.513;拜拜;28;1636
797.585;拜拜;28;1637
797.735;辛苦啦;28;1638
797.751;拜拜啦;28;1639
798.075;今天也很厉害呀;28;1640
798.102;加油;28;1641
798.51;今天的你也超级棒哦;28;1642
798.68;欢迎回家！要加油加油拜拜;28;1643
798.817;可能是找男友的;28;1644
798.885;拜拜啦～谢谢你的视频，你真的超棒！;28;1645
799.299;拜拜，晚安;28;1646
799.69;好棒 加油！;28;1647
799.963;好惊险，差点又撞到;28;1648
800.141;加油;28;1649
800.504;拜拜;28;1650
801.347;辛苦了;28;1651
801.752;拜拜;28;1652
801.794;拜拜;28;1653
801.802;拜拜;28;1654
802.033;拜拜;28;1655
802.105;拜拜;28;1656
802.196;拜拜;28;1657
802.235;拜拜;28;1658
802.237;拜拜;28;1659
802.536;拜拜;28;1660
802.568;拜拜;28;1661
802.575;加油;28;1662
802.637;拜拜;28;1663
802.643;拜拜;28;1664
802.771;拜拜;28;1665
802.841;拜拜;28;1666
802.854;Bye bye.;28;1667
802.881;拜拜;28;1668
802.892;拜拜;28;1669
802.912;拜拜;28;1670
802.923;拜拜;28;1671
802.937;拜拜;28;1672
802.94;拜拜;28;1673
802.943;拜拜;28;1674
802.951;拜拜。;28;1675
802.957;拜拜;28;1676
802.991;拜拜;28;1677
802.997;拜拜;28;1678
803.033;拜拜;28;1679
803.051;Bye bye;28;1680
803.054;拜拜;28;1681
803.063;拜拜;28;1682
803.088;拜拜;28;1683
803.098;拜拜啦;28;1684
803.13;拜拜;28;1685
803.164;拜拜~;28;1686
803.19;拜拜;28;1687
803.236;拜拜，UP主加油;28;1688
803.236;拜拜;28;1689
803.249;拜拜;28;1690
803.286;拜拜;28;1691
803.298;拜拜;28;1692
803.319;拜拜;28;1693
803.37;拜拜;28;1694
803.378;晚安;28;1695
803.394;你很棒！辛苦啦！;28;1696
803.396;拜拜♡大哥哥;28;1697
803.419;拜拜;28;1698
803.462;拜拜;28;1699
803.481;拜拜;28;1700
803.499;拜拜;28;1701
803.503;下次见;28;1702
803.506;拜拜;28;1703
803.549;拜拜;28;1704
803.589;拜拜;28;1705
803.656;拜拜;28;1706
803.66;拜拜;28;1707
803.679;拜拜;28;1708
803.744;拜拜;28;1709
803.751; 加油;28;1710
803.795;拜拜;28;1711
803.806;拜拜;28;1712
803.839;拜拜;28;1713
803.845;拜拜;28;1714
803.856;要幸福;28;1715
803.857;拜拜;28;1716
803.873;拜拜;28;1717
803.909;拜拜;28;1718
803.934;拜拜;28;1719
804.009;拜拜;28;1720
804.019;拜拜;28;1721
804.051;拜拜;28;1722
804.058;拜拜;28;1723
804.087;ﾉBye~;28;1724
804.202;拜拜;28;1725
804.206;拜拜;28;1726
804.215;拜拜;28;1727
804.253;拜拜~;28;1728
804.261;拜拜;28;1729
804.352;拜拜;28;1730
804.448;拜拜;28;1731
804.459;拜拜;28;1732
804.648;拜拜;28;1733
804.687;拜拜;28;1734
804.691;拜拜;28;1735
804.74;拜拜;28;1736
804.743;拜拜;28;1737
804.758;拜拜;28;1738
804.761;拜拜;28;1739
804.775;拜拜;28;1740
804.784;拜拜！;28;1741
804.834;拜拜;28;1742
804.873;拜拜;28;1743
804.918;拜拜啦;28;1744
804.939;拜拜！;28;1745
804.941;拜拜，加油哦;28;1746
804.95;加油;28;1747
804.963;拜拜;28;1748
805.005;拜拜;28;1749
805.054;拜拜;28;1750
805.115;拜拜;28;1751
805.117;拜拜;28;1752
805.138;拜拜啦～要天天开心噢;28;1753
805.14;up拜拜！;28;1754
805.165;拜拜啦;28;1755
805.179;拜拜;28;1756
805.214;拜拜;28;1757
805.257;拜拜;28;1758
805.31;拜拜;28;1759
805.419;休息吧，晚安啦;28;1760
805.508;拜拜;28;1761
805.524;拜拜啦;28;1762
805.531;拜拜;28;1763
805.538;拜拜;28;1764
805.539;加油;28;1765
805.619;拜拜;28;1766
805.658;拜拜～;28;1767
805.703;拜拜;28;1768
805.747;加油;28;1769
805.795;拜拜;28;1770
805.802;拜拜啦~谢谢你让我有了活下去的目标;28;1771
805.827;拜拜啦;28;1772
805.865;拜拜;28;1773
805.892;拜拜;28;1774
805.902;拜拜;28;1775
805.96;拜拜;28;1776
805.977;拜拜;28;1777
805.998;拜拜啦;28;1778
806.032;up加油！！相信你一定会变得更好！！;28;1779
806.099;拜拜！up加油哦！要开心！;28;1780
806.111;拜拜;28;1781
806.168;拜拜;28;1782
806.204;拜拜;28;1783
806.219;拜拜;28;1784
806.264;拜拜;28;1785
806.326;拜拜啦;28;1786
806.376;拜拜;28;1787
806.489;拜拜啦;28;1788
806.499;拜拜;28;1789
806.499;拜拜;28;1790
806.518;拜拜;28;1791
806.679;拜拜;28;1792
806.835;拜拜;28;1793
806.838;拜拜;28;1794
806.899;拜拜;28;1795
806.899;拜拜;28;1796
806.918;拜拜;28;1797
806.939;祝你生活愉快，一帆风顺，平平安安;28;1798
807.079;加油，今天也辛苦了;28;1799
807.11;拜拜;28;1800
